,Released_Year,Genre,range
0,1948,Action,1940s
1,1962,Action,1960s
2,1964,Action,1960s
3,1969,Action,1960s
4,1971,Action,1970s
5,1977,Action,1970s
6,1978,Action,1970s
7,1979,Action,1970s
8,1980,Action,1980s
9,1981,Action,1980s
10,1982,Action,1980s
11,1982,Action,1980s
12,1982,Action,1980s
13,1984,Action,1980s
14,1984,Action,1980s
15,1986,Action,1980s
16,1987,Action,1980s
17,1987,Action,1980s
18,1988,Action,1980s
19,1988,Action,1980s
20,1989,Action,1980s
21,1991,Action,1990s
22,1992,Action,1990s
23,1993,Action,1990s
24,1993,Action,1990s
25,1993,Action,1990s
26,1995,Action,1990s
27,1997,Action,1990s
28,1997,Action,1990s
29,1998,Action,1990s
30,1999,Action,1990s
31,1999,Action,1990s
32,1999,Action,1990s
33,2000,Action,2000s
34,2001,Action,2000s
35,2002,Action,2000s
36,2002,Action,2000s
37,2002,Action,2000s
38,2002,Action,2000s
39,2003,Action,2000s
40,2003,Action,2000s
41,2003,Action,2000s
42,2003,Action,2000s
43,2004,Action,2000s
44,2004,Action,2000s
45,2004,Action,2000s
46,2004,Action,2000s
47,2005,Action,2000s
48,2005,Action,2000s
49,2005,Action,2000s
50,2005,Action,2000s
51,2006,Action,2000s
52,2006,Action,2000s
53,2006,Action,2000s
54,2006,Action,2000s
55,2006,Action,2000s
56,2007,Action,2000s
57,2007,Action,2000s
58,2007,Action,2000s
59,2007,Action,2000s
60,2008,Action,2000s
61,2008,Action,2000s
62,2008,Action,2000s
63,2009,Action,2000s
64,2009,Action,2000s
65,2009,Action,2000s
66,2009,Action,2000s
67,2009,Action,2000s
68,2009,Action,2000s
69,2010,Action,2010s
70,2010,Action,2010s
71,2010,Action,2010s
72,2011,Action,2010s
73,2012,Action,2010s
74,2012,Action,2010s
75,2012,Action,2010s
76,2012,Action,2010s
77,2013,Action,2010s
78,2013,Action,2010s
79,2014,Action,2010s
80,2014,Action,2010s
81,2014,Action,2010s
82,2014,Action,2010s
83,2014,Action,2010s
84,2014,Action,2010s
85,2014,Action,2010s
86,2014,Action,2010s
87,2015,Action,2010s
88,2015,Action,2010s
89,2015,Action,2010s
90,2016,Action,2010s
91,2016,Action,2010s
92,1933,Adventure,1930s
93,1939,Adventure,1930s
94,1948,Adventure,1940s
95,1957,Adventure,1950s
96,1959,Adventure,1950s
97,1962,Adventure,1960s
98,1963,Adventure,1960s
99,1964,Adventure,1960s
100,1967,Adventure,1960s
101,1968,Adventure,1960s
102,1968,Adventure,1960s
103,1969,Adventure,1960s
104,1975,Adventure,1970s
105,1975,Adventure,1970s
106,1975,Adventure,1970s
107,1977,Adventure,1970s
108,1978,Adventure,1970s
109,1979,Adventure,1970s
110,1980,Adventure,1980s
111,1981,Adventure,1980s
112,1981,Adventure,1980s
113,1982,Adventure,1980s
114,1982,Adventure,1980s
115,1983,Adventure,1980s
116,1985,Adventure,1980s
117,1986,Adventure,1980s
118,1986,Adventure,1980s
119,1987,Adventure,1980s
120,1987,Adventure,1980s
121,1989,Adventure,1980s
122,1989,Adventure,1980s
123,1990,Adventure,1990s
124,1992,Adventure,1990s
125,1992,Adventure,1990s
126,1993,Adventure,1990s
127,1994,Adventure,1990s
128,1995,Adventure,1990s
129,1995,Adventure,1990s
130,1997,Adventure,1990s
131,1998,Adventure,1990s
132,1998,Adventure,1990s
133,1999,Adventure,1990s
134,1999,Adventure,1990s
135,2000,Adventure,2000s
136,2000,Adventure,2000s
137,2000,Adventure,2000s
138,2000,Adventure,2000s
139,2001,Adventure,2000s
140,2001,Adventure,2000s
141,2001,Adventure,2000s
142,2002,Adventure,2000s
143,2002,Adventure,2000s
144,2003,Adventure,2000s
145,2003,Adventure,2000s
146,2003,Adventure,2000s
147,2003,Adventure,2000s
148,2004,Adventure,2000s
149,2004,Adventure,2000s
150,2005,Adventure,2000s
151,2005,Adventure,2000s
152,2005,Adventure,2000s
153,2006,Adventure,2000s
154,2006,Adventure,2000s
155,2006,Adventure,2000s
156,2006,Adventure,2000s
157,2006,Adventure,2000s
158,2007,Adventure,2000s
159,2007,Adventure,2000s
160,2007,Adventure,2000s
161,2008,Adventure,2000s
162,2008,Adventure,2000s
163,2009,Adventure,2000s
164,2009,Adventure,2000s
165,2009,Adventure,2000s
166,2009,Adventure,2000s
167,2009,Adventure,2000s
168,2009,Adventure,2000s
169,2009,Adventure,2000s
170,2009,Adventure,2000s
171,2009,Adventure,2000s
172,2010,Adventure,2010s
173,2010,Adventure,2010s
174,2010,Adventure,2010s
175,2010,Adventure,2010s
176,2012,Adventure,2010s
177,2012,Adventure,2010s
178,2012,Adventure,2010s
179,2012,Adventure,2010s
180,2012,Adventure,2010s
181,2012,Adventure,2010s
182,2013,Adventure,2010s
183,2013,Adventure,2010s
184,2013,Adventure,2010s
185,2013,Adventure,2010s
186,2014,Adventure,2010s
187,2014,Adventure,2010s
188,2014,Adventure,2010s
189,2014,Adventure,2010s
190,2014,Adventure,2010s
191,2014,Adventure,2010s
192,2014,Adventure,2010s
193,2014,Adventure,2010s
194,2014,Adventure,2010s
195,2014,Adventure,2010s
196,2015,Adventure,2010s
197,2015,Adventure,2010s
198,2015,Adventure,2010s
199,2015,Adventure,2010s
200,2016,Adventure,2010s
201,2016,Adventure,2010s
202,1940,Animation,1940s
203,1967,Animation,1960s
204,1988,Animation,1980s
205,1992,Animation,1990s
206,1994,Animation,1990s
207,1995,Animation,1990s
208,1998,Animation,1990s
209,1999,Animation,1990s
210,1999,Animation,1990s
211,1999,Animation,1990s
212,2001,Animation,2000s
213,2001,Animation,2000s
214,2003,Animation,2000s
215,2004,Animation,2000s
216,2007,Animation,2000s
217,2007,Animation,2000s
218,2008,Animation,2000s
219,2009,Animation,2000s
220,2009,Animation,2000s
221,2009,Animation,2000s
222,2009,Animation,2000s
223,2010,Animation,2010s
224,2010,Animation,2010s
225,2010,Animation,2010s
226,2010,Animation,2010s
227,2012,Animation,2010s
228,2014,Animation,2010s
229,2014,Animation,2010s
230,2014,Animation,2010s
231,2015,Animation,2010s
232,1962,Biography,1960s
233,1965,Biography,1960s
234,1966,Biography,1960s
235,1969,Biography,1960s
236,1970,Biography,1970s
237,1979,Biography,1970s
238,1980,Biography,1980s
239,1980,Biography,1980s
240,1982,Biography,1980s
241,1983,Biography,1980s
242,1984,Biography,1980s
243,1987,Biography,1980s
244,1989,Biography,1980s
245,1992,Biography,1990s
246,1993,Biography,1990s
247,1993,Biography,1990s
248,1994,Biography,1990s
249,1995,Biography,1990s
250,1996,Biography,1990s
251,1997,Biography,1990s
252,1999,Biography,1990s
253,1999,Biography,1990s
254,1999,Biography,1990s
255,2000,Biography,2000s
256,2001,Biography,2000s
257,2001,Biography,2000s
258,2002,Biography,2000s
259,2002,Biography,2000s
260,2004,Biography,2000s
261,2004,Biography,2000s
262,2004,Biography,2000s
263,2005,Biography,2000s
264,2005,Biography,2000s
265,2005,Biography,2000s
266,2006,Biography,2000s
267,2006,Biography,2000s
268,2007,Biography,2000s
269,2007,Biography,2000s
270,2007,Biography,2000s
271,2007,Biography,2000s
272,2008,Biography,2000s
273,2008,Biography,2000s
274,2009,Biography,2000s
275,2009,Biography,2000s
276,2010,Biography,2010s
277,2010,Biography,2010s
278,2010,Biography,2010s
279,2011,Biography,2010s
280,2012,Biography,2010s
281,2013,Biography,2010s
282,2013,Biography,2010s
283,2013,Biography,2010s
284,2013,Biography,2010s
285,2013,Biography,2010s
286,2013,Biography,2010s
287,2014,Biography,2010s
288,2014,Biography,2010s
289,2015,Biography,2010s
290,2015,Biography,2010s
291,2015,Biography,2010s
292,1921,Comedy,1920s
293,1934,Comedy,1930s
294,1936,Comedy,1930s
295,1939,Comedy,1930s
296,1952,Comedy,1950s
297,1955,Comedy,1950s
298,1959,Comedy,1950s
299,1960,Comedy,1960s
300,1964,Comedy,1960s
301,1964,Comedy,1960s
302,1964,Comedy,1960s
303,1973,Comedy,1970s
304,1974,Comedy,1970s
305,1974,Comedy,1970s
306,1975,Comedy,1970s
307,1977,Comedy,1970s
308,1979,Comedy,1970s
309,1980,Comedy,1980s
310,1980,Comedy,1980s
311,1983,Comedy,1980s
312,1984,Comedy,1980s
313,1985,Comedy,1980s
314,1987,Comedy,1980s
315,1989,Comedy,1980s
316,1989,Comedy,1980s
317,1989,Comedy,1980s
318,1989,Comedy,1980s
319,1990,Comedy,1990s
320,1992,Comedy,1990s
321,1992,Comedy,1990s
322,1992,Comedy,1990s
323,1993,Comedy,1990s
324,1993,Comedy,1990s
325,1994,Comedy,1990s
326,1994,Comedy,1990s
327,1995,Comedy,1990s
328,1997,Comedy,1990s
329,1998,Comedy,1990s
330,1998,Comedy,1990s
331,1998,Comedy,1990s
332,1998,Comedy,1990s
333,1998,Comedy,1990s
334,1998,Comedy,1990s
335,1999,Comedy,1990s
336,1999,Comedy,1990s
337,1999,Comedy,1990s
338,1999,Comedy,1990s
339,2000,Comedy,2000s
340,2000,Comedy,2000s
341,2000,Comedy,2000s
342,2000,Comedy,2000s
343,2001,Comedy,2000s
344,2001,Comedy,2000s
345,2001,Comedy,2000s
346,2001,Comedy,2000s
347,2001,Comedy,2000s
348,2002,Comedy,2000s
349,2003,Comedy,2000s
350,2003,Comedy,2000s
351,2003,Comedy,2000s
352,2004,Comedy,2000s
353,2006,Comedy,2000s
354,2006,Comedy,2000s
355,2006,Comedy,2000s
356,2007,Comedy,2000s
357,2007,Comedy,2000s
358,2008,Comedy,2000s
359,2009,Comedy,2000s
360,2009,Comedy,2000s
361,2009,Comedy,2000s
362,2009,Comedy,2000s
363,2009,Comedy,2000s
364,2010,Comedy,2010s
365,2010,Comedy,2010s
366,2010,Comedy,2010s
367,2010,Comedy,2010s
368,2010,Comedy,2010s
369,2011,Comedy,2010s
370,2011,Comedy,2010s
371,2011,Comedy,2010s
372,2012,Comedy,2010s
373,2012,Comedy,2010s
374,2012,Comedy,2010s
375,2013,Comedy,2010s
376,2013,Comedy,2010s
377,2013,Comedy,2010s
378,2014,Comedy,2010s
379,2014,Comedy,2010s
380,2015,Comedy,2010s
381,2015,Comedy,2010s
382,2016,Comedy,2010s
383,1954,Crime,1950s
384,1955,Crime,1950s
385,1957,Crime,1950s
386,1962,Crime,1960s
387,1969,Crime,1960s
388,1971,Crime,1970s
389,1972,Crime,1970s
390,1973,Crime,1970s
391,1974,Crime,1970s
392,1976,Crime,1970s
393,1979,Crime,1970s
394,1983,Crime,1980s
395,1984,Crime,1980s
396,1987,Crime,1980s
397,1990,Crime,1990s
398,1991,Crime,1990s
399,1991,Crime,1990s
400,1992,Crime,1990s
401,1992,Crime,1990s
402,1992,Crime,1990s
403,1993,Crime,1990s
404,1993,Crime,1990s
405,1993,Crime,1990s
406,1994,Crime,1990s
407,1995,Crime,1990s
408,1995,Crime,1990s
409,1995,Crime,1990s
410,1996,Crime,1990s
411,1997,Crime,1990s
412,1997,Crime,1990s
413,1997,Crime,1990s
414,1998,Crime,1990s
415,1998,Crime,1990s
416,1999,Crime,1990s
417,1999,Crime,1990s
418,2000,Crime,2000s
419,2000,Crime,2000s
420,2000,Crime,2000s
421,2000,Crime,2000s
422,2001,Crime,2000s
423,2001,Crime,2000s
424,2001,Crime,2000s
425,2002,Crime,2000s
426,2002,Crime,2000s
427,2002,Crime,2000s
428,2003,Crime,2000s
429,2003,Crime,2000s
430,2003,Crime,2000s
431,2004,Crime,2000s
432,2004,Crime,2000s
433,2004,Crime,2000s
434,2004,Crime,2000s
435,2005,Crime,2000s
436,2005,Crime,2000s
437,2006,Crime,2000s
438,2006,Crime,2000s
439,2006,Crime,2000s
440,2006,Crime,2000s
441,2006,Crime,2000s
442,2007,Crime,2000s
443,2007,Crime,2000s
444,2007,Crime,2000s
445,2007,Crime,2000s
446,2007,Crime,2000s
447,2008,Crime,2000s
448,2008,Crime,2000s
449,2008,Crime,2000s
450,2010,Crime,2010s
451,2010,Crime,2010s
452,2011,Crime,2010s
453,2011,Crime,2010s
454,2012,Crime,2010s
455,2013,Crime,2010s
456,2013,Crime,2010s
457,2013,Crime,2010s
458,2014,Crime,2010s
459,2014,Crime,2010s
460,2015,Crime,2010s
461,2015,Crime,2010s
462,2015,Crime,2010s
463,1921,Drama,1920s
464,1927,Drama,1920s
465,1936,Drama,1930s
466,1939,Drama,1930s
467,1939,Drama,1930s
468,1940,Drama,1940s
469,1942,Drama,1940s
470,1945,Drama,1940s
471,1946,Drama,1940s
472,1946,Drama,1940s
473,1948,Drama,1940s
474,1951,Drama,1950s
475,1951,Drama,1950s
476,1952,Drama,1950s
477,1953,Drama,1950s
478,1954,Drama,1950s
479,1957,Drama,1950s
480,1957,Drama,1950s
481,1958,Drama,1950s
482,1959,Drama,1950s
483,1960,Drama,1960s
484,1961,Drama,1960s
485,1961,Drama,1960s
486,1962,Drama,1960s
487,1962,Drama,1960s
488,1962,Drama,1960s
489,1962,Drama,1960s
490,1962,Drama,1960s
491,1962,Drama,1960s
492,1963,Drama,1960s
493,1964,Drama,1960s
494,1964,Drama,1960s
495,1965,Drama,1960s
496,1965,Drama,1960s
497,1966,Drama,1960s
498,1968,Drama,1960s
499,1969,Drama,1960s
500,1969,Drama,1960s
501,1970,Drama,1970s
502,1971,Drama,1970s
503,1971,Drama,1970s
504,1972,Drama,1970s
505,1972,Drama,1970s
506,1973,Drama,1970s
507,1974,Drama,1970s
508,1974,Drama,1970s
509,1975,Drama,1970s
510,1975,Drama,1970s
511,1976,Drama,1970s
512,1976,Drama,1970s
513,1976,Drama,1970s
514,1977,Drama,1970s
515,1978,Drama,1970s
516,1978,Drama,1970s
517,1979,Drama,1970s
518,1979,Drama,1970s
519,1980,Drama,1980s
520,1980,Drama,1980s
521,1980,Drama,1980s
522,1980,Drama,1980s
523,1981,Drama,1980s
524,1982,Drama,1980s
525,1982,Drama,1980s
526,1983,Drama,1980s
527,1983,Drama,1980s
528,1984,Drama,1980s
529,1984,Drama,1980s
530,1985,Drama,1980s
531,1985,Drama,1980s
532,1986,Drama,1980s
533,1986,Drama,1980s
534,1987,Drama,1980s
535,1987,Drama,1980s
536,1988,Drama,1980s
537,1989,Drama,1980s
538,1989,Drama,1980s
539,1989,Drama,1980s
540,1989,Drama,1980s
541,1990,Drama,1990s
542,1990,Drama,1990s
543,1990,Drama,1990s
544,1991,Drama,1990s
545,1991,Drama,1990s
546,1991,Drama,1990s
547,1992,Drama,1990s
548,1992,Drama,1990s
549,1992,Drama,1990s
550,1992,Drama,1990s
551,1992,Drama,1990s
552,1992,Drama,1990s
553,1992,Drama,1990s
554,1993,Drama,1990s
555,1993,Drama,1990s
556,1993,Drama,1990s
557,1993,Drama,1990s
558,1993,Drama,1990s
559,1993,Drama,1990s
560,1993,Drama,1990s
561,1993,Drama,1990s
562,1994,Drama,1990s
563,1994,Drama,1990s
564,1994,Drama,1990s
565,1994,Drama,1990s
566,1994,Drama,1990s
567,1995,Drama,1990s
568,1995,Drama,1990s
569,1995,Drama,1990s
570,1995,Drama,1990s
571,1995,Drama,1990s
572,1995,Drama,1990s
573,1996,Drama,1990s
574,1996,Drama,1990s
575,1996,Drama,1990s
576,1996,Drama,1990s
577,1996,Drama,1990s
578,1997,Drama,1990s
579,1997,Drama,1990s
580,1997,Drama,1990s
581,1997,Drama,1990s
582,1997,Drama,1990s
583,1997,Drama,1990s
584,1997,Drama,1990s
585,1997,Drama,1990s
586,1997,Drama,1990s
587,1998,Drama,1990s
588,1998,Drama,1990s
589,1998,Drama,1990s
590,1998,Drama,1990s
591,1998,Drama,1990s
592,1998,Drama,1990s
593,1998,Drama,1990s
594,1999,Drama,1990s
595,1999,Drama,1990s
596,1999,Drama,1990s
597,1999,Drama,1990s
598,1999,Drama,1990s
599,1999,Drama,1990s
600,1999,Drama,1990s
601,1999,Drama,1990s
602,1999,Drama,1990s
603,2000,Drama,2000s
604,2000,Drama,2000s
605,2000,Drama,2000s
606,2000,Drama,2000s
607,2000,Drama,2000s
608,2000,Drama,2000s
609,2000,Drama,2000s
610,2000,Drama,2000s
611,2000,Drama,2000s
612,2001,Drama,2000s
613,2001,Drama,2000s
614,2001,Drama,2000s
615,2001,Drama,2000s
616,2001,Drama,2000s
617,2001,Drama,2000s
618,2001,Drama,2000s
619,2001,Drama,2000s
620,2001,Drama,2000s
621,2001,Drama,2000s
622,2002,Drama,2000s
623,2002,Drama,2000s
624,2002,Drama,2000s
625,2002,Drama,2000s
626,2002,Drama,2000s
627,2002,Drama,2000s
628,2002,Drama,2000s
629,2003,Drama,2000s
630,2003,Drama,2000s
631,2003,Drama,2000s
632,2003,Drama,2000s
633,2003,Drama,2000s
634,2003,Drama,2000s
635,2003,Drama,2000s
636,2003,Drama,2000s
637,2004,Drama,2000s
638,2004,Drama,2000s
639,2004,Drama,2000s
640,2004,Drama,2000s
641,2004,Drama,2000s
642,2004,Drama,2000s
643,2004,Drama,2000s
644,2004,Drama,2000s
645,2004,Drama,2000s
646,2004,Drama,2000s
647,2004,Drama,2000s
648,2004,Drama,2000s
649,2004,Drama,2000s
650,2005,Drama,2000s
651,2005,Drama,2000s
652,2005,Drama,2000s
653,2005,Drama,2000s
654,2005,Drama,2000s
655,2005,Drama,2000s
656,2005,Drama,2000s
657,2005,Drama,2000s
658,2005,Drama,2000s
659,2006,Drama,2000s
660,2006,Drama,2000s
661,2006,Drama,2000s
662,2006,Drama,2000s
663,2006,Drama,2000s
664,2006,Drama,2000s
665,2006,Drama,2000s
666,2006,Drama,2000s
667,2006,Drama,2000s
668,2006,Drama,2000s
669,2006,Drama,2000s
670,2006,Drama,2000s
671,2006,Drama,2000s
672,2006,Drama,2000s
673,2006,Drama,2000s
674,2006,Drama,2000s
675,2006,Drama,2000s
676,2006,Drama,2000s
677,2007,Drama,2000s
678,2007,Drama,2000s
679,2007,Drama,2000s
680,2007,Drama,2000s
681,2007,Drama,2000s
682,2007,Drama,2000s
683,2007,Drama,2000s
684,2007,Drama,2000s
685,2007,Drama,2000s
686,2007,Drama,2000s
687,2007,Drama,2000s
688,2007,Drama,2000s
689,2008,Drama,2000s
690,2008,Drama,2000s
691,2008,Drama,2000s
692,2008,Drama,2000s
693,2008,Drama,2000s
694,2008,Drama,2000s
695,2008,Drama,2000s
696,2008,Drama,2000s
697,2008,Drama,2000s
698,2008,Drama,2000s
699,2008,Drama,2000s
700,2009,Drama,2000s
701,2009,Drama,2000s
702,2009,Drama,2000s
703,2009,Drama,2000s
704,2009,Drama,2000s
705,2009,Drama,2000s
706,2009,Drama,2000s
707,2010,Drama,2010s
708,2010,Drama,2010s
709,2010,Drama,2010s
710,2010,Drama,2010s
711,2010,Drama,2010s
712,2010,Drama,2010s
713,2010,Drama,2010s
714,2010,Drama,2010s
715,2011,Drama,2010s
716,2011,Drama,2010s
717,2011,Drama,2010s
718,2011,Drama,2010s
719,2011,Drama,2010s
720,2011,Drama,2010s
721,2011,Drama,2010s
722,2012,Drama,2010s
723,2012,Drama,2010s
724,2012,Drama,2010s
725,2012,Drama,2010s
726,2012,Drama,2010s
727,2012,Drama,2010s
728,2012,Drama,2010s
729,2012,Drama,2010s
730,2013,Drama,2010s
731,2013,Drama,2010s
732,2013,Drama,2010s
733,2013,Drama,2010s
734,2013,Drama,2010s
735,2013,Drama,2010s
736,2013,Drama,2010s
737,2013,Drama,2010s
738,2013,Drama,2010s
739,2013,Drama,2010s
740,2013,Drama,2010s
741,2013,Drama,2010s
742,2014,Drama,2010s
743,2014,Drama,2010s
744,2014,Drama,2010s
745,2014,Drama,2010s
746,2014,Drama,2010s
747,2014,Drama,2010s
748,2014,Drama,2010s
749,2014,Drama,2010s
750,2014,Drama,2010s
751,2014,Drama,2010s
752,2015,Drama,2010s
753,2015,Drama,2010s
754,2015,Drama,2010s
755,2015,Drama,2010s
756,2015,Drama,2010s
757,2015,Drama,2010s
758,2015,Drama,2010s
759,2015,Drama,2010s
760,2015,Drama,2010s
761,2015,Drama,2010s
762,2016,Drama,2010s
763,2019,Drama,2010s
764,1921,Family,1920s
765,1936,Family,1930s
766,1939,Family,1930s
767,1940,Family,1940s
768,1946,Family,1940s
769,1964,Family,1960s
770,1964,Family,1960s
771,1965,Family,1960s
772,1967,Family,1960s
773,1971,Family,1970s
774,1971,Family,1970s
775,1979,Family,1970s
776,1982,Family,1980s
777,1983,Family,1980s
778,1987,Family,1980s
779,1990,Family,1990s
780,1992,Family,1990s
781,1998,Family,1990s
782,2004,Family,2000s
783,2004,Family,2000s
784,2004,Family,2000s
785,2005,Family,2000s
786,2007,Family,2000s
787,2008,Family,2000s
788,2009,Family,2000s
789,2009,Family,2000s
790,2009,Family,2000s
791,2009,Family,2000s
792,1939,Fantasy,1930s
793,1940,Fantasy,1940s
794,1946,Fantasy,1940s
795,1964,Fantasy,1960s
796,1971,Fantasy,1970s
797,1975,Fantasy,1970s
798,1977,Fantasy,1970s
799,1984,Fantasy,1980s
800,1987,Fantasy,1980s
801,1987,Fantasy,1980s
802,1990,Fantasy,1990s
803,1993,Fantasy,1990s
804,1999,Fantasy,1990s
805,1999,Fantasy,1990s
806,1999,Fantasy,1990s
807,2003,Fantasy,2000s
808,2003,Fantasy,2000s
809,2004,Fantasy,2000s
810,2005,Fantasy,2000s
811,2006,Fantasy,2000s
812,2006,Fantasy,2000s
813,2007,Fantasy,2000s
814,2007,Fantasy,2000s
815,2008,Fantasy,2000s
816,2009,Fantasy,2000s
817,2009,Fantasy,2000s
818,2011,Fantasy,2010s
819,2012,Fantasy,2010s
820,2012,Fantasy,2010s
821,2013,Fantasy,2010s
822,2013,Fantasy,2010s
823,1945,Film-Noir,1940s
824,1939,History,1930s
825,1959,History,1950s
826,1962,History,1960s
827,1963,History,1960s
828,1964,History,1960s
829,1966,History,1960s
830,1975,History,1970s
831,1982,History,1980s
832,1984,History,1980s
833,1987,History,1980s
834,1989,History,1980s
835,1991,History,1990s
836,1992,History,1990s
837,1993,History,1990s
838,1995,History,1990s
839,2001,History,2000s
840,2001,History,2000s
841,2004,History,2000s
842,2005,History,2000s
843,2005,History,2000s
844,2006,History,2000s
845,2008,History,2000s
846,2008,History,2000s
847,2010,History,2010s
848,2013,History,2010s
849,2015,History,2010s
850,2015,History,2010s
851,2016,History,2010s
852,1933,Horror,1930s
853,1960,Horror,1960s
854,1968,Horror,1960s
855,1968,Horror,1960s
856,1973,Horror,1970s
857,1978,Horror,1970s
858,1978,Horror,1970s
859,1979,Horror,1970s
860,1980,Horror,1980s
861,1982,Horror,1980s
862,2001,Horror,2000s
863,2004,Horror,2000s
864,2004,Horror,2000s
865,1959,Music,1950s
866,1964,Music,1960s
867,1979,Music,1970s
868,1996,Music,1990s
869,2000,Music,2000s
870,2001,Music,2000s
871,2002,Music,2000s
872,2004,Music,2000s
873,2005,Music,2000s
874,2005,Music,2000s
875,2007,Music,2000s
876,2007,Music,2000s
877,2014,Music,2010s
878,1952,Musical,1950s
879,1964,Musical,1960s
880,1964,Musical,1960s
881,1971,Musical,1970s
882,1971,Musical,1970s
883,1979,Musical,1970s
884,2000,Musical,2000s
885,2004,Musical,2000s
886,1940,Mystery,1940s
887,1960,Mystery,1960s
888,1972,Mystery,1970s
889,1974,Mystery,1970s
890,1979,Mystery,1970s
891,1982,Mystery,1980s
892,1992,Mystery,1990s
893,1995,Mystery,1990s
894,1995,Mystery,1990s
895,1997,Mystery,1990s
896,1997,Mystery,1990s
897,1998,Mystery,1990s
898,1999,Mystery,1990s
899,2000,Mystery,2000s
900,2001,Mystery,2000s
901,2001,Mystery,2000s
902,2002,Mystery,2000s
903,2002,Mystery,2000s
904,2003,Mystery,2000s
905,2004,Mystery,2000s
906,2004,Mystery,2000s
907,2006,Mystery,2000s
908,2006,Mystery,2000s
909,2006,Mystery,2000s
910,2006,Mystery,2000s
911,2007,Mystery,2000s
912,2007,Mystery,2000s
913,2007,Mystery,2000s
914,2007,Mystery,2000s
915,2007,Mystery,2000s
916,2009,Mystery,2000s
917,2009,Mystery,2000s
918,2009,Mystery,2000s
919,2010,Mystery,2010s
920,2010,Mystery,2010s
921,2011,Mystery,2010s
922,2013,Mystery,2010s
923,2014,Mystery,2010s
924,2015,Mystery,2010s
925,1934,Romance,1930s
926,1939,Romance,1930s
927,1940,Romance,1940s
928,1942,Romance,1940s
929,1946,Romance,1940s
930,1952,Romance,1950s
931,1953,Romance,1950s
932,1959,Romance,1950s
933,1960,Romance,1960s
934,1965,Romance,1960s
935,1977,Romance,1970s
936,1978,Romance,1970s
937,1989,Romance,1980s
938,1990,Romance,1990s
939,1993,Romance,1990s
940,1993,Romance,1990s
941,1993,Romance,1990s
942,1994,Romance,1990s
943,1995,Romance,1990s
944,1995,Romance,1990s
945,1995,Romance,1990s
946,1997,Romance,1990s
947,1997,Romance,1990s
948,1997,Romance,1990s
949,1998,Romance,1990s
950,2000,Romance,2000s
951,2001,Romance,2000s
952,2004,Romance,2000s
953,2004,Romance,2000s
954,2004,Romance,2000s
955,2005,Romance,2000s
956,2005,Romance,2000s
957,2005,Romance,2000s
958,2006,Romance,2000s
959,2007,Romance,2000s
960,2007,Romance,2000s
961,2008,Romance,2000s
962,2008,Romance,2000s
963,2009,Romance,2000s
964,2010,Romance,2010s
965,2011,Romance,2010s
966,2011,Romance,2010s
967,2011,Romance,2010s
968,2012,Romance,2010s
969,2012,Romance,2010s
970,2012,Romance,2010s
971,2012,Romance,2010s
972,2013,Romance,2010s
973,2013,Romance,2010s
974,2013,Romance,2010s
975,2014,Romance,2010s
976,2014,Romance,2010s
977,2019,Romance,2010s
978,1927,Sci-Fi,1920s
979,1933,Sci-Fi,1930s
980,1951,Sci-Fi,1950s
981,1968,Sci-Fi,1960s
982,1968,Sci-Fi,1960s
983,1972,Sci-Fi,1970s
984,1977,Sci-Fi,1970s
985,1979,Sci-Fi,1970s
986,1982,Sci-Fi,1980s
987,1982,Sci-Fi,1980s
988,1982,Sci-Fi,1980s
989,1982,Sci-Fi,1980s
990,1984,Sci-Fi,1980s
991,1985,Sci-Fi,1980s
992,1985,Sci-Fi,1980s
993,1986,Sci-Fi,1980s
994,1987,Sci-Fi,1980s
995,1988,Sci-Fi,1980s
996,1989,Sci-Fi,1980s
997,1991,Sci-Fi,1990s
998,1993,Sci-Fi,1990s
999,1997,Sci-Fi,1990s
1000,1997,Sci-Fi,1990s
1001,1998,Sci-Fi,1990s
1002,1999,Sci-Fi,1990s
1003,2001,Sci-Fi,2000s
1004,2004,Sci-Fi,2000s
1005,2004,Sci-Fi,2000s
1006,2005,Sci-Fi,2000s
1007,2005,Sci-Fi,2000s
1008,2006,Sci-Fi,2000s
1009,2006,Sci-Fi,2000s
1010,2008,Sci-Fi,2000s
1011,2009,Sci-Fi,2000s
1012,2009,Sci-Fi,2000s
1013,2009,Sci-Fi,2000s
1014,2010,Sci-Fi,2010s
1015,2012,Sci-Fi,2010s
1016,2013,Sci-Fi,2010s
1017,2013,Sci-Fi,2010s
1018,2013,Sci-Fi,2010s
1019,2014,Sci-Fi,2010s
1020,2014,Sci-Fi,2010s
1021,2014,Sci-Fi,2010s
1022,2014,Sci-Fi,2010s
1023,2014,Sci-Fi,2010s
1024,2015,Sci-Fi,2010s
1025,2015,Sci-Fi,2010s
1026,2016,Sci-Fi,2010s
1027,1961,Sport,1960s
1028,1976,Sport,1970s
1029,1980,Sport,1980s
1030,1998,Sport,1990s
1031,1999,Sport,1990s
1032,2000,Sport,2000s
1033,2004,Sport,2000s
1034,2005,Sport,2000s
1035,2008,Sport,2000s
1036,2009,Sport,2000s
1037,2010,Sport,2010s
1038,2011,Sport,2010s
1039,2011,Sport,2010s
1040,2015,Sport,2010s
1041,1952,Thriller,1950s
1042,1954,Thriller,1950s
1043,1960,Thriller,1960s
1044,1962,Thriller,1960s
1045,1962,Thriller,1960s
1046,1964,Thriller,1960s
1047,1968,Thriller,1960s
1048,1974,Thriller,1970s
1049,1975,Thriller,1970s
1050,1978,Thriller,1970s
1051,1981,Thriller,1980s
1052,1982,Thriller,1980s
1053,1987,Thriller,1980s
1054,1988,Thriller,1980s
1055,1991,Thriller,1990s
1056,1991,Thriller,1990s
1057,1992,Thriller,1990s
1058,1992,Thriller,1990s
1059,1995,Thriller,1990s
1060,1995,Thriller,1990s
1061,1996,Thriller,1990s
1062,1997,Thriller,1990s
1063,1997,Thriller,1990s
1064,1998,Thriller,1990s
1065,1999,Thriller,1990s
1066,1999,Thriller,1990s
1067,1999,Thriller,1990s
1068,2000,Thriller,2000s
1069,2000,Thriller,2000s
1070,2001,Thriller,2000s
1071,2001,Thriller,2000s
1072,2001,Thriller,2000s
1073,2002,Thriller,2000s
1074,2002,Thriller,2000s
1075,2003,Thriller,2000s
1076,2004,Thriller,2000s
1077,2004,Thriller,2000s
1078,2004,Thriller,2000s
1079,2004,Thriller,2000s
1080,2004,Thriller,2000s
1081,2004,Thriller,2000s
1082,2004,Thriller,2000s
1083,2005,Thriller,2000s
1084,2005,Thriller,2000s
1085,2006,Thriller,2000s
1086,2006,Thriller,2000s
1087,2006,Thriller,2000s
1088,2006,Thriller,2000s
1089,2007,Thriller,2000s
1090,2007,Thriller,2000s
1091,2008,Thriller,2000s
1092,2009,Thriller,2000s
1093,2010,Thriller,2010s
1094,2010,Thriller,2010s
1095,2012,Thriller,2010s
1096,2012,Thriller,2010s
1097,2013,Thriller,2010s
1098,2014,Thriller,2010s
1099,2014,Thriller,2010s
1100,2014,Thriller,2010s
1101,2014,Thriller,2010s
1102,2015,Thriller,2010s
1103,2015,Thriller,2010s
1104,1942,War,1940s
1105,1946,War,1940s
1106,1953,War,1950s
1107,1957,War,1950s
1108,1961,War,1960s
1109,1964,War,1960s
1110,1965,War,1960s
1111,1970,War,1970s
1112,1978,War,1970s
1113,1979,War,1970s
1114,1986,War,1980s
1115,1998,War,1990s
1116,1998,War,1990s
1117,2001,War,2000s
1118,2001,War,2000s
1119,2006,War,2000s
1120,2008,War,2000s
1121,2009,War,2000s
1122,2010,War,2010s
1123,1952,Western,1950s
1124,1962,Western,1960s
1125,1968,Western,1960s
1126,1969,Western,1960s
1127,1974,Western,1970s
1128,1990,Western,1990s
1129,1992,Western,1990s
1130,2010,Western,2010s
1131,2012,Western,2010s
